"Year Month","Industry","Suspicious Activity","Count"
"2014 January","Depository Institution","ACH","1,505"
"2014 January","Depository Institution","Business Loan","147"
"2014 January","Depository Institution","Check","8,044"
"2014 January","Depository Institution","Consumer Loan (see instructions)","7,419"
"2014 January","Depository Institution","Credit/Debit Card","5,572"
"2014 January","Depository Institution","Healthcare/Public or Private Health Insurance","49"
"2014 January","Depository Institution","Mail","272"
"2014 January","Depository Institution","Mass-Marketing","34"
"2014 January","Depository Institution","Other Fraud (Type)","3,675"
"2014 January","Depository Institution","Pyramid Scheme","27"
"2014 January","Depository Institution","Wire","1,755"
"2014 January","Depository Institution","[Total]","28,499"
"2014 February","Depository Institution","ACH","1,560"
"2014 February","Depository Institution","Business Loan","175"
"2014 February","Depository Institution","Check","7,207"
"2014 February","Depository Institution","Consumer Loan (see instructions)","6,248"
"2014 February","Depository Institution","Credit/Debit Card","5,448"
"2014 February","Depository Institution","Healthcare/Public or Private Health Insurance","42"
"2014 February","Depository Institution","Mail","253"
"2014 February","Depository Institution","Mass-Marketing","52"
"2014 February","Depository Institution","Other Fraud (Type)","3,597"
"2014 February","Depository Institution","Pyramid Scheme","49"
"2014 February","Depository Institution","Wire","1,557"
"2014 February","Depository Institution","[Total]","26,188"
"2014 March","Depository Institution","ACH","2,246"
"2014 March","Depository Institution","Business Loan","141"
"2014 March","Depository Institution","Check","7,385"
"2014 March","Depository Institution","Consumer Loan (see instructions)","5,926"
"2014 March","Depository Institution","Credit/Debit Card","5,822"
"2014 March","Depository Institution","Healthcare/Public or Private Health Insurance","45"
"2014 March","Depository Institution","Mail","302"
"2014 March","Depository Institution","Mass-Marketing","71"
"2014 March","Depository Institution","Other Fraud (Type)","4,059"
"2014 March","Depository Institution","Pyramid Scheme","33"
"2014 March","Depository Institution","Wire","1,647"
"2014 March","Depository Institution","[Total]","27,677"
"2014 April","Depository Institution","ACH","2,855"
"2014 April","Depository Institution","Business Loan","160"
"2014 April","Depository Institution","Check","7,564"
"2014 April","Depository Institution","Consumer Loan (see instructions)","8,575"
"2014 April","Depository Institution","Credit/Debit Card","7,685"
"2014 April","Depository Institution","Healthcare/Public or Private Health Insurance","182"
"2014 April","Depository Institution","Mail","363"
"2014 April","Depository Institution","Mass-Marketing","54"
"2014 April","Depository Institution","Other Fraud (Type)","4,615"
"2014 April","Depository Institution","Pyramid Scheme","38"
"2014 April","Depository Institution","Wire","1,777"
"2014 April","Depository Institution","[Total]","33,868"
"2014 May","Depository Institution","ACH","2,471"
"2014 May","Depository Institution","Business Loan","119"
"2014 May","Depository Institution","Check","7,528"
"2014 May","Depository Institution","Consumer Loan (see instructions)","8,628"
"2014 May","Depository Institution","Credit/Debit Card","6,876"
"2014 May","Depository Institution","Healthcare/Public or Private Health Insurance","104"
"2014 May","Depository Institution","Mail","471"
"2014 May","Depository Institution","Mass-Marketing","75"
"2014 May","Depository Institution","Other Fraud (Type)","4,453"
"2014 May","Depository Institution","Pyramid Scheme","35"
"2014 May","Depository Institution","Wire","1,638"
"2014 May","Depository Institution","[Total]","32,398"
"2014 June","Depository Institution","ACH","1,940"
"2014 June","Depository Institution","Business Loan","99"
"2014 June","Depository Institution","Check","7,685"
"2014 June","Depository Institution","Consumer Loan (see instructions)","7,558"
"2014 June","Depository Institution","Credit/Debit Card","5,571"
"2014 June","Depository Institution","Healthcare/Public or Private Health Insurance","55"
"2014 June","Depository Institution","Mail","467"
"2014 June","Depository Institution","Mass-Marketing","79"
"2014 June","Depository Institution","Other Fraud (Type)","4,085"
"2014 June","Depository Institution","Pyramid Scheme","38"
"2014 June","Depository Institution","Wire","1,673"
"2014 June","Depository Institution","[Total]","29,250"
"2014 July","Depository Institution","ACH","2,063"
"2014 July","Depository Institution","Business Loan","101"
"2014 July","Depository Institution","Check","8,707"
"2014 July","Depository Institution","Consumer Loan (see instructions)","7,364"
"2014 July","Depository Institution","Credit/Debit Card","6,782"
"2014 July","Depository Institution","Healthcare/Public or Private Health Insurance","66"
"2014 July","Depository Institution","Mail","641"
"2014 July","Depository Institution","Mass-Marketing","61"
"2014 July","Depository Institution","Other Fraud (Type)","4,292"
"2014 July","Depository Institution","Pyramid Scheme","29"
"2014 July","Depository Institution","Wire","1,915"
"2014 July","Depository Institution","[Total]","32,021"
"2014 August","Depository Institution","ACH","1,939"
"2014 August","Depository Institution","Business Loan","116"
"2014 August","Depository Institution","Check","8,648"
"2014 August","Depository Institution","Consumer Loan (see instructions)","7,329"
"2014 August","Depository Institution","Credit/Debit Card","6,319"
"2014 August","Depository Institution","Healthcare/Public or Private Health Insurance","64"
"2014 August","Depository Institution","Mail","584"
"2014 August","Depository Institution","Mass-Marketing","61"
"2014 August","Depository Institution","Other Fraud (Type)","4,234"
"2014 August","Depository Institution","Pyramid Scheme","33"
"2014 August","Depository Institution","Wire","2,061"
"2014 August","Depository Institution","[Total]","31,388"
"2014 September","Depository Institution","ACH","2,027"
"2014 September","Depository Institution","Business Loan","112"
"2014 September","Depository Institution","Check","8,650"
"2014 September","Depository Institution","Consumer Loan (see instructions)","7,256"
"2014 September","Depository Institution","Credit/Debit Card","6,366"
"2014 September","Depository Institution","Healthcare/Public or Private Health Insurance","68"
"2014 September","Depository Institution","Mail","640"
"2014 September","Depository Institution","Mass-Marketing","61"
"2014 September","Depository Institution","Other Fraud (Type)","3,418"
"2014 September","Depository Institution","Pyramid Scheme","27"
"2014 September","Depository Institution","Wire","2,050"
"2014 September","Depository Institution","[Total]","30,675"
"2014 October","Depository Institution","ACH","1,959"
"2014 October","Depository Institution","Business Loan","124"
"2014 October","Depository Institution","Check","8,774"
"2014 October","Depository Institution","Consumer Loan (see instructions)","7,754"
"2014 October","Depository Institution","Credit/Debit Card","7,178"
"2014 October","Depository Institution","Healthcare/Public or Private Health Insurance","234"
"2014 October","Depository Institution","Mail","675"
"2014 October","Depository Institution","Mass-Marketing","98"
"2014 October","Depository Institution","Other Fraud (Type)","3,145"
"2014 October","Depository Institution","Pyramid Scheme","33"
"2014 October","Depository Institution","Wire","2,176"
"2014 October","Depository Institution","[Total]","32,150"
"2014 November","Depository Institution","ACH","1,954"
"2014 November","Depository Institution","Business Loan","93"
"2014 November","Depository Institution","Check","7,847"
"2014 November","Depository Institution","Consumer Loan (see instructions)","5,993"
"2014 November","Depository Institution","Credit/Debit Card","5,397"
"2014 November","Depository Institution","Healthcare/Public or Private Health Insurance","122"
"2014 November","Depository Institution","Mail","587"
"2014 November","Depository Institution","Mass-Marketing","148"
"2014 November","Depository Institution","Other Fraud (Type)","2,805"
"2014 November","Depository Institution","Pyramid Scheme","25"
"2014 November","Depository Institution","Wire","1,805"
"2014 November","Depository Institution","[Total]","26,776"
"2014 December","Depository Institution","ACH","2,402"
"2014 December","Depository Institution","Business Loan","101"
"2014 December","Depository Institution","Check","8,787"
"2014 December","Depository Institution","Consumer Loan (see instructions)","7,638"
"2014 December","Depository Institution","Credit/Debit Card","6,511"
"2014 December","Depository Institution","Healthcare/Public or Private Health Insurance","63"
"2014 December","Depository Institution","Mail","680"
"2014 December","Depository Institution","Mass-Marketing","135"
"2014 December","Depository Institution","Other Fraud (Type)","3,552"
"2014 December","Depository Institution","Pyramid Scheme","29"
"2014 December","Depository Institution","Wire","2,044"
"2014 December","Depository Institution","[Total]","31,942"
"2014 [Total]","Depository Institution","[Total]","362,832"
"2015 January","Depository Institution","ACH","2,564"
"2015 January","Depository Institution","Business Loan","87"
"2015 January","Depository Institution","Check","8,262"
"2015 January","Depository Institution","Consumer Loan (see instructions)","6,206"
"2015 January","Depository Institution","Credit/Debit Card","6,878"
"2015 January","Depository Institution","Healthcare/Public or Private Health Insurance","59"
"2015 January","Depository Institution","Mail","614"
"2015 January","Depository Institution","Mass-Marketing","149"
"2015 January","Depository Institution","Other Fraud (Type)","2,732"
"2015 January","Depository Institution","Pyramid Scheme","20"
"2015 January","Depository Institution","Wire","1,807"
"2015 January","Depository Institution","[Total]","29,378"
"2015 February","Depository Institution","ACH","2,616"
"2015 February","Depository Institution","Business Loan","85"
"2015 February","Depository Institution","Check","7,825"
"2015 February","Depository Institution","Consumer Loan (see instructions)","6,123"
"2015 February","Depository Institution","Credit/Debit Card","6,451"
"2015 February","Depository Institution","Healthcare/Public or Private Health Insurance","53"
"2015 February","Depository Institution","Mail","535"
"2015 February","Depository Institution","Mass-Marketing","123"
"2015 February","Depository Institution","Other Fraud (Type)","2,999"
"2015 February","Depository Institution","Pyramid Scheme","22"
"2015 February","Depository Institution","Wire","1,847"
"2015 February","Depository Institution","[Total]","28,679"
"2015 March","Depository Institution","ACH","3,704"
"2015 March","Depository Institution","Business Loan","121"
"2015 March","Depository Institution","Check","8,182"
"2015 March","Depository Institution","Consumer Loan (see instructions)","6,470"
"2015 March","Depository Institution","Credit/Debit Card","6,977"
"2015 March","Depository Institution","Healthcare/Public or Private Health Insurance","51"
"2015 March","Depository Institution","Mail","631"
"2015 March","Depository Institution","Mass-Marketing","228"
"2015 March","Depository Institution","Other Fraud (Type)","3,800"
"2015 March","Depository Institution","Pyramid Scheme","22"
"2015 March","Depository Institution","Wire","2,323"
"2015 March","Depository Institution","[Total]","32,509"
"2015 April","Depository Institution","ACH","3,909"
"2015 April","Depository Institution","Business Loan","113"
"2015 April","Depository Institution","Check","8,091"
"2015 April","Depository Institution","Consumer Loan (see instructions)","5,982"
"2015 April","Depository Institution","Credit/Debit Card","7,403"
"2015 April","Depository Institution","Healthcare/Public or Private Health Insurance","67"
"2015 April","Depository Institution","Mail","764"
"2015 April","Depository Institution","Mass-Marketing","267"
"2015 April","Depository Institution","Other Fraud (Type)","3,869"
"2015 April","Depository Institution","Pyramid Scheme","25"
"2015 April","Depository Institution","Wire","2,359"
"2015 April","Depository Institution","[Total]","32,849"
"2015 May","Depository Institution","ACH","3,371"
"2015 May","Depository Institution","Business Loan","92"
"2015 May","Depository Institution","Check","8,308"
"2015 May","Depository Institution","Consumer Loan (see instructions)","5,972"
"2015 May","Depository Institution","Credit/Debit Card","6,955"
"2015 May","Depository Institution","Healthcare/Public or Private Health Insurance","50"
"2015 May","Depository Institution","Mail","715"
"2015 May","Depository Institution","Mass-Marketing","295"
"2015 May","Depository Institution","Other Fraud (Type)","3,585"
"2015 May","Depository Institution","Pyramid Scheme","34"
"2015 May","Depository Institution","Wire","2,283"
"2015 May","Depository Institution","[Total]","31,660"
"2015 June","Depository Institution","ACH","2,787"
"2015 June","Depository Institution","Business Loan","99"
"2015 June","Depository Institution","Check","9,059"
"2015 June","Depository Institution","Consumer Loan (see instructions)","6,112"
"2015 June","Depository Institution","Credit/Debit Card","6,589"
"2015 June","Depository Institution","Healthcare/Public or Private Health Insurance","59"
"2015 June","Depository Institution","Mail","593"
"2015 June","Depository Institution","Mass-Marketing","295"
"2015 June","Depository Institution","Other Fraud (Type)","3,757"
"2015 June","Depository Institution","Pyramid Scheme","29"
"2015 June","Depository Institution","Wire","2,477"
"2015 June","Depository Institution","[Total]","31,856"
"2015 July","Depository Institution","ACH","3,010"
"2015 July","Depository Institution","Business Loan","106"
"2015 July","Depository Institution","Check","9,984"
"2015 July","Depository Institution","Consumer Loan (see instructions)","6,415"
"2015 July","Depository Institution","Credit/Debit Card","7,501"
"2015 July","Depository Institution","Healthcare/Public or Private Health Insurance","63"
"2015 July","Depository Institution","Mail","813"
"2015 July","Depository Institution","Mass-Marketing","333"
"2015 July","Depository Institution","Other Fraud (Type)","3,983"
"2015 July","Depository Institution","Pyramid Scheme","21"
"2015 July","Depository Institution","Wire","2,660"
"2015 July","Depository Institution","[Total]","34,889"
"2015 August","Depository Institution","ACH","2,793"
"2015 August","Depository Institution","Business Loan","118"
"2015 August","Depository Institution","Check","9,679"
"2015 August","Depository Institution","Consumer Loan (see instructions)","5,891"
"2015 August","Depository Institution","Credit/Debit Card","7,228"
"2015 August","Depository Institution","Healthcare/Public or Private Health Insurance","53"
"2015 August","Depository Institution","Mail","708"
"2015 August","Depository Institution","Mass-Marketing","324"
"2015 August","Depository Institution","Other Fraud (Type)","3,682"
"2015 August","Depository Institution","Pyramid Scheme","27"
"2015 August","Depository Institution","Wire","2,687"
"2015 August","Depository Institution","[Total]","33,190"
"2015 September","Depository Institution","ACH","3,073"
"2015 September","Depository Institution","Business Loan","105"
"2015 September","Depository Institution","Check","10,062"
"2015 September","Depository Institution","Consumer Loan (see instructions)","5,569"
"2015 September","Depository Institution","Credit/Debit Card","7,454"
"2015 September","Depository Institution","Healthcare/Public or Private Health Insurance","52"
"2015 September","Depository Institution","Mail","717"
"2015 September","Depository Institution","Mass-Marketing","358"
"2015 September","Depository Institution","Other Fraud (Type)","3,444"
"2015 September","Depository Institution","Pyramid Scheme","32"
"2015 September","Depository Institution","Wire","2,800"
"2015 September","Depository Institution","[Total]","33,666"
"2015 October","Depository Institution","ACH","3,099"
"2015 October","Depository Institution","Business Loan","113"
"2015 October","Depository Institution","Check","10,813"
"2015 October","Depository Institution","Consumer Loan (see instructions)","5,768"
"2015 October","Depository Institution","Credit/Debit Card","7,993"
"2015 October","Depository Institution","Healthcare/Public or Private Health Insurance","71"
"2015 October","Depository Institution","Mail","772"
"2015 October","Depository Institution","Mass-Marketing","408"
"2015 October","Depository Institution","Other Fraud (Type)","3,761"
"2015 October","Depository Institution","Pyramid Scheme","33"
"2015 October","Depository Institution","Wire","2,757"
"2015 October","Depository Institution","[Total]","35,588"
"2015 November","Depository Institution","ACH","2,984"
"2015 November","Depository Institution","Business Loan","108"
"2015 November","Depository Institution","Check","10,515"
"2015 November","Depository Institution","Consumer Loan (see instructions)","5,580"
"2015 November","Depository Institution","Credit/Debit Card","8,150"
"2015 November","Depository Institution","Healthcare/Public or Private Health Insurance","49"
"2015 November","Depository Institution","Mail","708"
"2015 November","Depository Institution","Mass-Marketing","383"
"2015 November","Depository Institution","Other Fraud (Type)","3,225"
"2015 November","Depository Institution","Pyramid Scheme","19"
"2015 November","Depository Institution","Wire","2,575"
"2015 November","Depository Institution","[Total]","34,296"
"2015 December","Depository Institution","ACH","3,455"
"2015 December","Depository Institution","Business Loan","116"
"2015 December","Depository Institution","Check","11,382"
"2015 December","Depository Institution","Consumer Loan (see instructions)","5,460"
"2015 December","Depository Institution","Credit/Debit Card","7,842"
"2015 December","Depository Institution","Healthcare/Public or Private Health Insurance","55"
"2015 December","Depository Institution","Mail","793"
"2015 December","Depository Institution","Mass-Marketing","347"
"2015 December","Depository Institution","Other Fraud (Type)","3,395"
"2015 December","Depository Institution","Pyramid Scheme","23"
"2015 December","Depository Institution","Wire","2,739"
"2015 December","Depository Institution","[Total]","35,607"
"2015 [Total]","Depository Institution","[Total]","394,167"
"2016 January","Depository Institution","ACH","2,949"
"2016 January","Depository Institution","Business Loan","103"
"2016 January","Depository Institution","Check","10,897"
"2016 January","Depository Institution","Consumer Loan (see instructions)","4,881"
"2016 January","Depository Institution","Credit/Debit Card","8,266"
"2016 January","Depository Institution","Healthcare/Public or Private Health Insurance","44"
"2016 January","Depository Institution","Mail","609"
"2016 January","Depository Institution","Mass-Marketing","279"
"2016 January","Depository Institution","Other Fraud (Type)","3,082"
"2016 January","Depository Institution","Pyramid Scheme","26"
"2016 January","Depository Institution","Wire","2,281"
"2016 January","Depository Institution","[Total]","33,417"
"2016 February","Depository Institution","ACH","3,152"
"2016 February","Depository Institution","Business Loan","99"
"2016 February","Depository Institution","Check","11,372"
"2016 February","Depository Institution","Consumer Loan (see instructions)","4,797"
"2016 February","Depository Institution","Credit/Debit Card","8,550"
"2016 February","Depository Institution","Healthcare/Public or Private Health Insurance","60"
"2016 February","Depository Institution","Mail","481"
"2016 February","Depository Institution","Mass-Marketing","361"
"2016 February","Depository Institution","Other Fraud (Type)","3,413"
"2016 February","Depository Institution","Pyramid Scheme","13"
"2016 February","Depository Institution","Wire","2,465"
"2016 February","Depository Institution","[Total]","34,763"
"2016 March","Depository Institution","ACH","4,020"
"2016 March","Depository Institution","Business Loan","122"
"2016 March","Depository Institution","Check","13,484"
"2016 March","Depository Institution","Consumer Loan (see instructions)","5,323"
"2016 March","Depository Institution","Credit/Debit Card","9,097"
"2016 March","Depository Institution","Healthcare/Public or Private Health Insurance","62"
"2016 March","Depository Institution","Mail","533"
"2016 March","Depository Institution","Mass-Marketing","475"
"2016 March","Depository Institution","Other Fraud (Type)","4,351"
"2016 March","Depository Institution","Pyramid Scheme","15"
"2016 March","Depository Institution","Wire","3,139"
"2016 March","Depository Institution","[Total]","40,621"
"2016 April","Depository Institution","ACH","3,919"
"2016 April","Depository Institution","Business Loan","121"
"2016 April","Depository Institution","Check","12,626"
"2016 April","Depository Institution","Consumer Loan (see instructions)","4,898"
"2016 April","Depository Institution","Credit/Debit Card","8,419"
"2016 April","Depository Institution","Healthcare/Public or Private Health Insurance","49"
"2016 April","Depository Institution","Mail","553"
"2016 April","Depository Institution","Mass-Marketing","487"
"2016 April","Depository Institution","Other Fraud (Type)","4,434"
"2016 April","Depository Institution","Pyramid Scheme","23"
"2016 April","Depository Institution","Wire","3,022"
"2016 April","Depository Institution","[Total]","38,551"
"2016 May","Depository Institution","ACH","4,518"
"2016 May","Depository Institution","Business Loan","121"
"2016 May","Depository Institution","Check","12,962"
"2016 May","Depository Institution","Consumer Loan (see instructions)","4,938"
"2016 May","Depository Institution","Credit/Debit Card","8,821"
"2016 May","Depository Institution","Healthcare/Public or Private Health Insurance","77"
"2016 May","Depository Institution","Mail","650"
"2016 May","Depository Institution","Mass-Marketing","554"
"2016 May","Depository Institution","Other Fraud (Type)","5,368"
"2016 May","Depository Institution","Pyramid Scheme","26"
"2016 May","Depository Institution","Wire","3,025"
"2016 May","Depository Institution","[Total]","41,060"
"2016 June","Depository Institution","ACH","4,541"
"2016 June","Depository Institution","Business Loan","128"
"2016 June","Depository Institution","Check","14,565"
"2016 June","Depository Institution","Consumer Loan (see instructions)","5,185"
"2016 June","Depository Institution","Credit/Debit Card","9,401"
"2016 June","Depository Institution","Healthcare/Public or Private Health Insurance","69"
"2016 June","Depository Institution","Mail","667"
"2016 June","Depository Institution","Mass-Marketing","521"
"2016 June","Depository Institution","Other Fraud (Type)","10,875"
"2016 June","Depository Institution","Pyramid Scheme","20"
"2016 June","Depository Institution","Wire","3,085"
"2016 June","Depository Institution","[Total]","49,057"
"2016 July","Depository Institution","ACH","3,604"
"2016 July","Depository Institution","Business Loan","124"
"2016 July","Depository Institution","Check","12,926"
"2016 July","Depository Institution","Consumer Loan (see instructions)","4,296"
"2016 July","Depository Institution","Credit/Debit Card","8,181"
"2016 July","Depository Institution","Healthcare/Public or Private Health Insurance","49"
"2016 July","Depository Institution","Mail","480"
"2016 July","Depository Institution","Mass-Marketing","601"
"2016 July","Depository Institution","Other Fraud (Type)","12,066"
"2016 July","Depository Institution","Pyramid Scheme","14"
"2016 July","Depository Institution","Wire","2,981"
"2016 July","Depository Institution","[Total]","45,322"
"2016 August","Depository Institution","ACH","4,835"
"2016 August","Depository Institution","Business Loan","118"
"2016 August","Depository Institution","Check","13,741"
"2016 August","Depository Institution","Consumer Loan (see instructions)","5,921"
"2016 August","Depository Institution","Credit/Debit Card","9,936"
"2016 August","Depository Institution","Healthcare/Public or Private Health Insurance","57"
"2016 August","Depository Institution","Mail","531"
"2016 August","Depository Institution","Mass-Marketing","565"
"2016 August","Depository Institution","Other Fraud (Type)","4,552"
"2016 August","Depository Institution","Pyramid Scheme","30"
"2016 August","Depository Institution","Wire","3,273"
"2016 August","Depository Institution","[Total]","43,559"
"2016 September","Depository Institution","ACH","4,155"
"2016 September","Depository Institution","Business Loan","137"
"2016 September","Depository Institution","Check","12,564"
"2016 September","Depository Institution","Consumer Loan (see instructions)","4,734"
"2016 September","Depository Institution","Credit/Debit Card","8,274"
"2016 September","Depository Institution","Healthcare/Public or Private Health Insurance","58"
"2016 September","Depository Institution","Mail","474"
"2016 September","Depository Institution","Mass-Marketing","584"
"2016 September","Depository Institution","Other Fraud (Type)","4,098"
"2016 September","Depository Institution","Pyramid Scheme","27"
"2016 September","Depository Institution","Wire","2,921"
"2016 September","Depository Institution","[Total]","38,026"
"2016 October","Depository Institution","ACH","4,244"
"2016 October","Depository Institution","Business Loan","124"
"2016 October","Depository Institution","Check","12,561"
"2016 October","Depository Institution","Consumer Loan (see instructions)","4,319"
"2016 October","Depository Institution","Credit/Debit Card","8,339"
"2016 October","Depository Institution","Healthcare/Public or Private Health Insurance","54"
"2016 October","Depository Institution","Mail","439"
"2016 October","Depository Institution","Mass-Marketing","630"
"2016 October","Depository Institution","Other Fraud (Type)","4,486"
"2016 October","Depository Institution","Pyramid Scheme","30"
"2016 October","Depository Institution","Wire","2,882"
"2016 October","Depository Institution","[Total]","38,108"
"2016 November","Depository Institution","ACH","4,166"
"2016 November","Depository Institution","Business Loan","127"
"2016 November","Depository Institution","Check","12,369"
"2016 November","Depository Institution","Consumer Loan (see instructions)","4,236"
"2016 November","Depository Institution","Credit/Debit Card","8,386"
"2016 November","Depository Institution","Healthcare/Public or Private Health Insurance","50"
"2016 November","Depository Institution","Mail","450"
"2016 November","Depository Institution","Mass-Marketing","621"
"2016 November","Depository Institution","Other Fraud (Type)","4,783"
"2016 November","Depository Institution","Pyramid Scheme","15"
"2016 November","Depository Institution","Wire","2,893"
"2016 November","Depository Institution","[Total]","38,096"
"2016 December","Depository Institution","ACH","4,683"
"2016 December","Depository Institution","Business Loan","118"
"2016 December","Depository Institution","Check","12,535"
"2016 December","Depository Institution","Consumer Loan (see instructions)","4,028"
"2016 December","Depository Institution","Credit/Debit Card","9,184"
"2016 December","Depository Institution","Healthcare/Public or Private Health Insurance","50"
"2016 December","Depository Institution","Mail","470"
"2016 December","Depository Institution","Mass-Marketing","592"
"2016 December","Depository Institution","Other Fraud (Type)","4,945"
"2016 December","Depository Institution","Pyramid Scheme","21"
"2016 December","Depository Institution","Wire","3,070"
"2016 December","Depository Institution","[Total]","39,696"
"2016 [Total]","Depository Institution","[Total]","480,276"
"2017 January","Depository Institution","ACH","4,652"
"2017 January","Depository Institution","Business Loan","92"
"2017 January","Depository Institution","Check","12,187"
"2017 January","Depository Institution","Consumer Loan (see instructions)","4,007"
"2017 January","Depository Institution","Credit/Debit Card","9,537"
"2017 January","Depository Institution","Healthcare/Public or Private Health Insurance","56"
"2017 January","Depository Institution","Mail","407"
"2017 January","Depository Institution","Mass-Marketing","520"
"2017 January","Depository Institution","Other Fraud (Type)","4,602"
"2017 January","Depository Institution","Pyramid Scheme","27"
"2017 January","Depository Institution","Wire","2,897"
"2017 January","Depository Institution","[Total]","38,984"
"2017 February","Depository Institution","ACH","3,247"
"2017 February","Depository Institution","Business Loan","111"
"2017 February","Depository Institution","Check","11,946"
"2017 February","Depository Institution","Consumer Loan (see instructions)","3,966"
"2017 February","Depository Institution","Credit/Debit Card","8,220"
"2017 February","Depository Institution","Healthcare/Public or Private Health Insurance","68"
"2017 February","Depository Institution","Mail","389"
"2017 February","Depository Institution","Mass-Marketing","519"
"2017 February","Depository Institution","Other Fraud (Type)","4,819"
"2017 February","Depository Institution","Pyramid Scheme","19"
"2017 February","Depository Institution","Wire","2,699"
"2017 February","Depository Institution","[Total]","36,003"
"2017 March","Depository Institution","ACH","4,137"
"2017 March","Depository Institution","Business Loan","143"
"2017 March","Depository Institution","Check","13,223"
"2017 March","Depository Institution","Consumer Loan (see instructions)","4,389"
"2017 March","Depository Institution","Credit/Debit Card","9,632"
"2017 March","Depository Institution","Healthcare/Public or Private Health Insurance","83"
"2017 March","Depository Institution","Mail","523"
"2017 March","Depository Institution","Mass-Marketing","709"
"2017 March","Depository Institution","Other Fraud (Type)","5,793"
"2017 March","Depository Institution","Pyramid Scheme","26"
"2017 March","Depository Institution","Wire","3,364"
"2017 March","Depository Institution","[Total]","42,022"
"2017 April","Depository Institution","ACH","3,570"
"2017 April","Depository Institution","Business Loan","135"
"2017 April","Depository Institution","Check","11,778"
"2017 April","Depository Institution","Consumer Loan (see instructions)","3,824"
"2017 April","Depository Institution","Credit/Debit Card","8,701"
"2017 April","Depository Institution","Healthcare/Public or Private Health Insurance","62"
"2017 April","Depository Institution","Mail","470"
"2017 April","Depository Institution","Mass-Marketing","688"
"2017 April","Depository Institution","Other Fraud (Type)","5,080"
"2017 April","Depository Institution","Pyramid Scheme","26"
"2017 April","Depository Institution","Wire","3,102"
"2017 April","Depository Institution","[Total]","37,436"
"2017 May","Depository Institution","ACH","3,644"
"2017 May","Depository Institution","Business Loan","156"
"2017 May","Depository Institution","Check","12,361"
"2017 May","Depository Institution","Consumer Loan (see instructions)","4,661"
"2017 May","Depository Institution","Credit/Debit Card","10,476"
"2017 May","Depository Institution","Healthcare/Public or Private Health Insurance","63"
"2017 May","Depository Institution","Mail","497"
"2017 May","Depository Institution","Mass-Marketing","789"
"2017 May","Depository Institution","Other Fraud (Type)","5,587"
"2017 May","Depository Institution","Pyramid Scheme","42"
"2017 May","Depository Institution","Wire","3,373"
"2017 May","Depository Institution","[Total]","41,649"
"2017 June","Depository Institution","ACH","3,869"
"2017 June","Depository Institution","Business Loan","166"
"2017 June","Depository Institution","Check","11,937"
"2017 June","Depository Institution","Consumer Loan (see instructions)","4,875"
"2017 June","Depository Institution","Credit/Debit Card","11,185"
"2017 June","Depository Institution","Healthcare/Public or Private Health Insurance","65"
"2017 June","Depository Institution","Mail","499"
"2017 June","Depository Institution","Mass-Marketing","889"
"2017 June","Depository Institution","Other Fraud (Type)","5,597"
"2017 June","Depository Institution","Pyramid Scheme","20"
"2017 June","Depository Institution","Wire","3,160"
"2017 June","Depository Institution","[Total]","42,262"
"2017 July","Depository Institution","ACH","4,028"
"2017 July","Depository Institution","Business Loan","121"
"2017 July","Depository Institution","Check","10,749"
"2017 July","Depository Institution","Consumer Loan (see instructions)","4,280"
"2017 July","Depository Institution","Credit/Debit Card","10,575"
"2017 July","Depository Institution","Healthcare/Public or Private Health Insurance","62"
"2017 July","Depository Institution","Mail","491"
"2017 July","Depository Institution","Mass-Marketing","857"
"2017 July","Depository Institution","Other Fraud (Type)","5,323"
"2017 July","Depository Institution","Pyramid Scheme","23"
"2017 July","Depository Institution","Wire","3,168"
"2017 July","Depository Institution","[Total]","39,677"
"2017 August","Depository Institution","ACH","4,913"
"2017 August","Depository Institution","Business Loan","130"
"2017 August","Depository Institution","Check","13,566"
"2017 August","Depository Institution","Consumer Loan (see instructions)","4,927"
"2017 August","Depository Institution","Credit/Debit Card","12,275"
"2017 August","Depository Institution","Healthcare/Public or Private Health Insurance","86"
"2017 August","Depository Institution","Mail","536"
"2017 August","Depository Institution","Mass-Marketing","810"
"2017 August","Depository Institution","Other Fraud (Type)","5,506"
"2017 August","Depository Institution","Pyramid Scheme","20"
"2017 August","Depository Institution","Wire","3,275"
"2017 August","Depository Institution","[Total]","46,044"
"2017 September","Depository Institution","ACH","4,263"
"2017 September","Depository Institution","Business Loan","129"
"2017 September","Depository Institution","Check","11,706"
"2017 September","Depository Institution","Consumer Loan (see instructions)","4,304"
"2017 September","Depository Institution","Credit/Debit Card","10,074"
"2017 September","Depository Institution","Healthcare/Public or Private Health Insurance","56"
"2017 September","Depository Institution","Mail","467"
"2017 September","Depository Institution","Mass-Marketing","806"
"2017 September","Depository Institution","Other Fraud (Type)","5,182"
"2017 September","Depository Institution","Pyramid Scheme","21"
"2017 September","Depository Institution","Wire","3,261"
"2017 September","Depository Institution","[Total]","40,269"
"2017 October","Depository Institution","ACH","5,021"
"2017 October","Depository Institution","Business Loan","134"
"2017 October","Depository Institution","Check","12,161"
"2017 October","Depository Institution","Consumer Loan (see instructions)","4,577"
"2017 October","Depository Institution","Credit/Debit Card","10,359"
"2017 October","Depository Institution","Healthcare/Public or Private Health Insurance","50"
"2017 October","Depository Institution","Mail","474"
"2017 October","Depository Institution","Mass-Marketing","961"
"2017 October","Depository Institution","Other Fraud (Type)","5,661"
"2017 October","Depository Institution","Pyramid Scheme","25"
"2017 October","Depository Institution","Wire","3,544"
"2017 October","Depository Institution","[Total]","42,967"
"2017 November","Depository Institution","ACH","4,767"
"2017 November","Depository Institution","Business Loan","130"
"2017 November","Depository Institution","Check","12,355"
"2017 November","Depository Institution","Consumer Loan (see instructions)","4,651"
"2017 November","Depository Institution","Credit/Debit Card","10,179"
"2017 November","Depository Institution","Healthcare/Public or Private Health Insurance","67"
"2017 November","Depository Institution","Mail","453"
"2017 November","Depository Institution","Mass-Marketing","1,060"
"2017 November","Depository Institution","Other Fraud (Type)","5,809"
"2017 November","Depository Institution","Pyramid Scheme","26"
"2017 November","Depository Institution","Wire","3,590"
"2017 November","Depository Institution","[Total]","43,087"
"2017 December","Depository Institution","ACH","4,593"
"2017 December","Depository Institution","Business Loan","146"
"2017 December","Depository Institution","Check","11,305"
"2017 December","Depository Institution","Consumer Loan (see instructions)","3,730"
"2017 December","Depository Institution","Credit/Debit Card","9,231"
"2017 December","Depository Institution","Healthcare/Public or Private Health Insurance","51"
"2017 December","Depository Institution","Mail","445"
"2017 December","Depository Institution","Mass-Marketing","1,056"
"2017 December","Depository Institution","Other Fraud (Type)","5,639"
"2017 December","Depository Institution","Pyramid Scheme","39"
"2017 December","Depository Institution","Wire","3,540"
"2017 December","Depository Institution","[Total]","39,775"
"2017 [Total]","Depository Institution","[Total]","490,175"
"2018 January","Depository Institution","ACH","4,826"
"2018 January","Depository Institution","Business Loan","147"
"2018 January","Depository Institution","Check","12,311"
"2018 January","Depository Institution","Consumer Loan (see instructions)","4,019"
"2018 January","Depository Institution","Credit/Debit Card","10,637"
"2018 January","Depository Institution","Healthcare/Public or Private Health Insurance","54"
"2018 January","Depository Institution","Mail","506"
"2018 January","Depository Institution","Mass-Marketing","830"
"2018 January","Depository Institution","Other Fraud (Type)","5,677"
"2018 January","Depository Institution","Pyramid Scheme","18"
"2018 January","Depository Institution","Wire","3,171"
"2018 January","Depository Institution","[Total]","42,196"
"2018 February","Depository Institution","ACH","4,188"
"2018 February","Depository Institution","Business Loan","149"
"2018 February","Depository Institution","Check","11,381"
"2018 February","Depository Institution","Consumer Loan (see instructions)","3,642"
"2018 February","Depository Institution","Credit/Debit Card","10,905"
"2018 February","Depository Institution","Healthcare/Public or Private Health Insurance","54"
"2018 February","Depository Institution","Mail","436"
"2018 February","Depository Institution","Mass-Marketing","601"
"2018 February","Depository Institution","Other Fraud (Type)","5,085"
"2018 February","Depository Institution","Pyramid Scheme","18"
"2018 February","Depository Institution","Wire","2,967"
"2018 February","Depository Institution","[Total]","39,426"
"2018 March","Depository Institution","ACH","4,841"
"2018 March","Depository Institution","Business Loan","156"
"2018 March","Depository Institution","Check","12,449"
"2018 March","Depository Institution","Consumer Loan (see instructions)","3,870"
"2018 March","Depository Institution","Credit/Debit Card","19,087"
"2018 March","Depository Institution","Healthcare/Public or Private Health Insurance","45"
"2018 March","Depository Institution","Mail","518"
"2018 March","Depository Institution","Mass-Marketing","713"
"2018 March","Depository Institution","Other Fraud (Type)","6,209"
"2018 March","Depository Institution","Pyramid Scheme","25"
"2018 March","Depository Institution","Wire","3,450"
"2018 March","Depository Institution","[Total]","51,363"
"2018 April","Depository Institution","ACH","4,676"
"2018 April","Depository Institution","Business Loan","199"
"2018 April","Depository Institution","Check","11,413"
"2018 April","Depository Institution","Consumer Loan (see instructions)","3,724"
"2018 April","Depository Institution","Credit/Debit Card","15,095"
"2018 April","Depository Institution","Healthcare/Public or Private Health Insurance","66"
"2018 April","Depository Institution","Mail","461"
"2018 April","Depository Institution","Mass-Marketing","677"
"2018 April","Depository Institution","Other Fraud (Type)","5,775"
"2018 April","Depository Institution","Pyramid Scheme","12"
"2018 April","Depository Institution","Wire","3,456"
"2018 April","Depository Institution","[Total]","45,554"
"2018 May","Depository Institution","ACH","4,910"
"2018 May","Depository Institution","Business Loan","221"
"2018 May","Depository Institution","Check","12,402"
"2018 May","Depository Institution","Consumer Loan (see instructions)","3,978"
"2018 May","Depository Institution","Credit/Debit Card","16,558"
"2018 May","Depository Institution","Healthcare/Public or Private Health Insurance","60"
"2018 May","Depository Institution","Mail","498"
"2018 May","Depository Institution","Mass-Marketing","718"
"2018 May","Depository Institution","Other Fraud (Type)","6,555"
"2018 May","Depository Institution","Pyramid Scheme","22"
"2018 May","Depository Institution","Wire","3,933"
"2018 May","Depository Institution","[Total]","49,855"
"2018 June","Depository Institution","ACH","5,002"
"2018 June","Depository Institution","Business Loan","158"
"2018 June","Depository Institution","Check","12,026"
"2018 June","Depository Institution","Consumer Loan (see instructions)","4,064"
"2018 June","Depository Institution","Credit/Debit Card","12,917"
"2018 June","Depository Institution","Healthcare/Public or Private Health Insurance","54"
"2018 June","Depository Institution","Mail","506"
"2018 June","Depository Institution","Mass-Marketing","694"
"2018 June","Depository Institution","Other Fraud (Type)","6,120"
"2018 June","Depository Institution","Pyramid Scheme","12"
"2018 June","Depository Institution","Wire","3,807"
"2018 June","Depository Institution","[Total]","45,360"
"2018 July","Depository Institution","ACH","4,771"
"2018 July","Depository Institution","Business Loan","124"
"2018 July","Depository Institution","Check","13,246"
"2018 July","Depository Institution","Consumer Loan (see instructions)","4,255"
"2018 July","Depository Institution","Credit/Debit Card","13,187"
"2018 July","Depository Institution","Healthcare/Public or Private Health Insurance","68"
"2018 July","Depository Institution","Mail","440"
"2018 July","Depository Institution","Mass-Marketing","796"
"2018 July","Depository Institution","Other Fraud (Type)","6,147"
"2018 July","Depository Institution","Pyramid Scheme","21"
"2018 July","Depository Institution","Wire","3,708"
"2018 July","Depository Institution","[Total]","46,763"
"2018 August","Depository Institution","ACH","5,475"
"2018 August","Depository Institution","Advance Fee","6"
"2018 August","Depository Institution","Business Loan","184"
"2018 August","Depository Institution","Check","17,551"
"2018 August","Depository Institution","Consumer Loan (see instructions)","5,048"
"2018 August","Depository Institution","Credit/Debit Card","15,231"
"2018 August","Depository Institution","Healthcare/Public or Private Health Insurance","79"
"2018 August","Depository Institution","Mail","511"
"2018 August","Depository Institution","Mass-Marketing","850"
"2018 August","Depository Institution","Other Fraud (Type)","8,132"
"2018 August","Depository Institution","Ponzi Scheme","6"
"2018 August","Depository Institution","Pyramid Scheme","25"
"2018 August","Depository Institution","Securities","13"
"2018 August","Depository Institution","Wire","4,321"
"2018 August","Depository Institution","[Total]","57,432"
"2018 September","Depository Institution","ACH","5,116"
"2018 September","Depository Institution","Advance Fee","6"
"2018 September","Depository Institution","Business Loan","149"
"2018 September","Depository Institution","Check","15,345"
"2018 September","Depository Institution","Consumer Loan (see instructions)","5,175"
"2018 September","Depository Institution","Credit/Debit Card","11,132"
"2018 September","Depository Institution","Healthcare/Public or Private Health Insurance","84"
"2018 September","Depository Institution","Mail","448"
"2018 September","Depository Institution","Mass-Marketing","769"
"2018 September","Depository Institution","Other Fraud (Type)","6,924"
"2018 September","Depository Institution","Ponzi Scheme","5"
"2018 September","Depository Institution","Pyramid Scheme","17"
"2018 September","Depository Institution","Securities","14"
"2018 September","Depository Institution","Wire","3,576"
"2018 September","Depository Institution","[Total]","48,760"
"2018 October","Depository Institution","ACH","6,966"
"2018 October","Depository Institution","Advance Fee","17"
"2018 October","Depository Institution","Business Loan","140"
"2018 October","Depository Institution","Check","17,904"
"2018 October","Depository Institution","Consumer Loan (see instructions)","5,990"
"2018 October","Depository Institution","Credit/Debit Card","13,238"
"2018 October","Depository Institution","Healthcare/Public or Private Health Insurance","73"
"2018 October","Depository Institution","Mail","611"
"2018 October","Depository Institution","Mass-Marketing","1,045"
"2018 October","Depository Institution","Other Fraud (Type)","8,030"
"2018 October","Depository Institution","Ponzi Scheme","8"
"2018 October","Depository Institution","Pyramid Scheme","22"
"2018 October","Depository Institution","Securities","17"
"2018 October","Depository Institution","Wire","4,276"
"2018 October","Depository Institution","[Total]","58,337"
"2018 November","Depository Institution","ACH","6,781"
"2018 November","Depository Institution","Advance Fee","36"
"2018 November","Depository Institution","Business Loan","170"
"2018 November","Depository Institution","Check","15,745"
"2018 November","Depository Institution","Consumer Loan (see instructions)","6,019"
"2018 November","Depository Institution","Credit/Debit Card","12,548"
"2018 November","Depository Institution","Healthcare/Public or Private Health Insurance","71"
"2018 November","Depository Institution","Mail","519"
"2018 November","Depository Institution","Mass-Marketing","952"
"2018 November","Depository Institution","Other Fraud (Type)","7,119"
"2018 November","Depository Institution","Ponzi Scheme","18"
"2018 November","Depository Institution","Pyramid Scheme","13"
"2018 November","Depository Institution","Securities","11"
"2018 November","Depository Institution","Wire","4,032"
"2018 November","Depository Institution","[Total]","54,034"
"2018 December","Depository Institution","ACH","7,629"
"2018 December","Depository Institution","Advance Fee","65"
"2018 December","Depository Institution","Business Loan","124"
"2018 December","Depository Institution","Check","14,739"
"2018 December","Depository Institution","Consumer Loan (see instructions)","4,876"
"2018 December","Depository Institution","Credit/Debit Card","13,365"
"2018 December","Depository Institution","Healthcare/Public or Private Health Insurance","64"
"2018 December","Depository Institution","Mail","502"
"2018 December","Depository Institution","Mass-Marketing","969"
"2018 December","Depository Institution","Other Fraud (Type)","6,908"
"2018 December","Depository Institution","Ponzi Scheme","29"
"2018 December","Depository Institution","Pyramid Scheme","5"
"2018 December","Depository Institution","Securities","24"
"2018 December","Depository Institution","Wire","3,609"
"2018 December","Depository Institution","[Total]","52,908"
"2018 [Total]","Depository Institution","[Total]","591,988"
"2019 January","Depository Institution","ACH","7,690"
"2019 January","Depository Institution","Advance Fee","100"
"2019 January","Depository Institution","Business Loan","166"
"2019 January","Depository Institution","Check","16,164"
"2019 January","Depository Institution","Consumer Loan (see instructions)","6,518"
"2019 January","Depository Institution","Credit/Debit Card","14,258"
"2019 January","Depository Institution","Healthcare/Public or Private Health Insurance","78"
"2019 January","Depository Institution","Mail","564"
"2019 January","Depository Institution","Mass-Marketing","1,237"
"2019 January","Depository Institution","Other Fraud (Type)","7,769"
"2019 January","Depository Institution","Ponzi Scheme","20"
"2019 January","Depository Institution","Pyramid Scheme","11"
"2019 January","Depository Institution","Securities","28"
"2019 January","Depository Institution","Wire","3,957"
"2019 January","Depository Institution","[Total]","58,560"
"2019 February","Depository Institution","ACH","8,767"
"2019 February","Depository Institution","Advance Fee","102"
"2019 February","Depository Institution","Business Loan","141"
"2019 February","Depository Institution","Check","18,114"
"2019 February","Depository Institution","Consumer Loan (see instructions)","6,071"
"2019 February","Depository Institution","Credit/Debit Card","15,202"
"2019 February","Depository Institution","Healthcare/Public or Private Health Insurance","88"
"2019 February","Depository Institution","Mail","545"
"2019 February","Depository Institution","Mass-Marketing","965"
"2019 February","Depository Institution","Other Fraud (Type)","6,526"
"2019 February","Depository Institution","Ponzi Scheme","20"
"2019 February","Depository Institution","Pyramid Scheme","18"
"2019 February","Depository Institution","Securities","21"
"2019 February","Depository Institution","Wire","3,607"
"2019 February","Depository Institution","[Total]","60,187"
"2019 March","Depository Institution","ACH","8,526"
"2019 March","Depository Institution","Advance Fee","135"
"2019 March","Depository Institution","Business Loan","151"
"2019 March","Depository Institution","Check","18,050"
"2019 March","Depository Institution","Consumer Loan (see instructions)","6,712"
"2019 March","Depository Institution","Credit/Debit Card","20,993"
"2019 March","Depository Institution","Healthcare/Public or Private Health Insurance","98"
"2019 March","Depository Institution","Mail","581"
"2019 March","Depository Institution","Mass-Marketing","1,120"
"2019 March","Depository Institution","Other Fraud (Type)","7,157"
"2019 March","Depository Institution","Ponzi Scheme","35"
"2019 March","Depository Institution","Pyramid Scheme","14"
"2019 March","Depository Institution","Securities","34"
"2019 March","Depository Institution","Wire","3,965"
"2019 March","Depository Institution","[Total]","67,571"
"2019 April","Depository Institution","ACH","6,702"
"2019 April","Depository Institution","Advance Fee","130"
"2019 April","Depository Institution","Business Loan","195"
"2019 April","Depository Institution","Check","18,728"
"2019 April","Depository Institution","Consumer Loan (see instructions)","5,441"
"2019 April","Depository Institution","Credit/Debit Card","12,778"
"2019 April","Depository Institution","Healthcare/Public or Private Health Insurance","77"
"2019 April","Depository Institution","Mail","625"
"2019 April","Depository Institution","Mass-Marketing","920"
"2019 April","Depository Institution","Other Fraud (Type)","7,452"
"2019 April","Depository Institution","Ponzi Scheme","35"
"2019 April","Depository Institution","Pyramid Scheme","18"
"2019 April","Depository Institution","Securities","31"
"2019 April","Depository Institution","Wire","3,811"
"2019 April","Depository Institution","[Total]","56,943"
"2019 May","Depository Institution","ACH","7,720"
"2019 May","Depository Institution","Advance Fee","171"
"2019 May","Depository Institution","Business Loan","169"
"2019 May","Depository Institution","Check","18,548"
"2019 May","Depository Institution","Consumer Loan (see instructions)","5,420"
"2019 May","Depository Institution","Credit/Debit Card","13,997"
"2019 May","Depository Institution","Healthcare/Public or Private Health Insurance","85"
"2019 May","Depository Institution","Mail","687"
"2019 May","Depository Institution","Mass-Marketing","980"
"2019 May","Depository Institution","Other Fraud (Type)","7,266"
"2019 May","Depository Institution","Ponzi Scheme","36"
"2019 May","Depository Institution","Pyramid Scheme","16"
"2019 May","Depository Institution","Securities","42"
"2019 May","Depository Institution","Wire","4,260"
"2019 May","Depository Institution","[Total]","59,397"
"2019 June","Depository Institution","ACH","5,817"
"2019 June","Depository Institution","Advance Fee","140"
"2019 June","Depository Institution","Business Loan","141"
"2019 June","Depository Institution","Check","20,104"
"2019 June","Depository Institution","Consumer Loan (see instructions)","4,645"
"2019 June","Depository Institution","Credit/Debit Card","10,479"
"2019 June","Depository Institution","Healthcare/Public or Private Health Insurance","74"
"2019 June","Depository Institution","Mail","559"
"2019 June","Depository Institution","Mass-Marketing","1,014"
"2019 June","Depository Institution","Other Fraud (Type)","6,316"
"2019 June","Depository Institution","Ponzi Scheme","38"
"2019 June","Depository Institution","Pyramid Scheme","12"
"2019 June","Depository Institution","Securities","47"
"2019 June","Depository Institution","Wire","3,800"
"2019 June","Depository Institution","[Total]","53,186"
"2019 July","Depository Institution","ACH","6,673"
"2019 July","Depository Institution","Advance Fee","146"
"2019 July","Depository Institution","Business Loan","161"
"2019 July","Depository Institution","Check","18,969"
"2019 July","Depository Institution","Consumer Loan (see instructions)","6,398"
"2019 July","Depository Institution","Credit/Debit Card","11,027"
"2019 July","Depository Institution","Healthcare/Public or Private Health Insurance","64"
"2019 July","Depository Institution","Mail","685"
"2019 July","Depository Institution","Mass-Marketing","1,261"
"2019 July","Depository Institution","Other Fraud (Type)","7,234"
"2019 July","Depository Institution","Ponzi Scheme","37"
"2019 July","Depository Institution","Pyramid Scheme","16"
"2019 July","Depository Institution","Securities","61"
"2019 July","Depository Institution","Wire","4,323"
"2019 July","Depository Institution","[Total]","57,055"
"2019 August","Depository Institution","ACH","7,061"
"2019 August","Depository Institution","Advance Fee","155"
"2019 August","Depository Institution","Business Loan","187"
"2019 August","Depository Institution","Check","20,892"
"2019 August","Depository Institution","Consumer Loan (see instructions)","6,924"
"2019 August","Depository Institution","Credit/Debit Card","12,901"
"2019 August","Depository Institution","Healthcare/Public or Private Health Insurance","69"
"2019 August","Depository Institution","Mail","668"
"2019 August","Depository Institution","Mass-Marketing","1,212"
"2019 August","Depository Institution","Other Fraud (Type)","7,180"
"2019 August","Depository Institution","Ponzi Scheme","37"
"2019 August","Depository Institution","Pyramid Scheme","17"
"2019 August","Depository Institution","Securities","40"
"2019 August","Depository Institution","Wire","4,152"
"2019 August","Depository Institution","[Total]","61,495"
"2019 September","Depository Institution","ACH","6,705"
"2019 September","Depository Institution","Advance Fee","142"
"2019 September","Depository Institution","Business Loan","171"
"2019 September","Depository Institution","Check","19,491"
"2019 September","Depository Institution","Consumer Loan (see instructions)","6,114"
"2019 September","Depository Institution","Credit/Debit Card","14,201"
"2019 September","Depository Institution","Healthcare/Public or Private Health Insurance","81"
"2019 September","Depository Institution","Mail","668"
"2019 September","Depository Institution","Mass-Marketing","1,011"
"2019 September","Depository Institution","Other Fraud (Type)","6,838"
"2019 September","Depository Institution","Ponzi Scheme","32"
"2019 September","Depository Institution","Pyramid Scheme","12"
"2019 September","Depository Institution","Securities","48"
"2019 September","Depository Institution","Wire","3,664"
"2019 September","Depository Institution","[Total]","59,178"
"2019 October","Depository Institution","ACH","8,146"
"2019 October","Depository Institution","Advance Fee","187"
"2019 October","Depository Institution","Business Loan","213"
"2019 October","Depository Institution","Check","20,798"
"2019 October","Depository Institution","Consumer Loan (see instructions)","7,138"
"2019 October","Depository Institution","Credit/Debit Card","16,633"
"2019 October","Depository Institution","Healthcare/Public or Private Health Insurance","84"
"2019 October","Depository Institution","Mail","693"
"2019 October","Depository Institution","Mass-Marketing","959"
"2019 October","Depository Institution","Other Fraud (Type)","7,878"
"2019 October","Depository Institution","Ponzi Scheme","36"
"2019 October","Depository Institution","Pyramid Scheme","17"
"2019 October","Depository Institution","Securities","71"
"2019 October","Depository Institution","Wire","4,238"
"2019 October","Depository Institution","[Total]","67,091"
"2019 November","Depository Institution","ACH","7,652"
"2019 November","Depository Institution","Advance Fee","139"
"2019 November","Depository Institution","Business Loan","185"
"2019 November","Depository Institution","Check","18,527"
"2019 November","Depository Institution","Consumer Loan (see instructions)","5,189"
"2019 November","Depository Institution","Credit/Debit Card","13,327"
"2019 November","Depository Institution","Healthcare/Public or Private Health Insurance","73"
"2019 November","Depository Institution","Mail","659"
"2019 November","Depository Institution","Mass-Marketing","922"
"2019 November","Depository Institution","Other Fraud (Type)","6,374"
"2019 November","Depository Institution","Ponzi Scheme","35"
"2019 November","Depository Institution","Pyramid Scheme","12"
"2019 November","Depository Institution","Securities","44"
"2019 November","Depository Institution","Wire","3,946"
"2019 November","Depository Institution","[Total]","57,084"
"2019 December","Depository Institution","ACH","7,400"
"2019 December","Depository Institution","Advance Fee","148"
"2019 December","Depository Institution","Business Loan","202"
"2019 December","Depository Institution","Check","20,091"
"2019 December","Depository Institution","Consumer Loan (see instructions)","4,664"
"2019 December","Depository Institution","Credit/Debit Card","15,722"
"2019 December","Depository Institution","Healthcare/Public or Private Health Insurance","58"
"2019 December","Depository Institution","Mail","670"
"2019 December","Depository Institution","Mass-Marketing","1,208"
"2019 December","Depository Institution","Other Fraud (Type)","6,607"
"2019 December","Depository Institution","Ponzi Scheme","34"
"2019 December","Depository Institution","Pyramid Scheme","12"
"2019 December","Depository Institution","Securities","47"
"2019 December","Depository Institution","Wire","4,044"
"2019 December","Depository Institution","[Total]","60,907"
"2019 [Total]","Depository Institution","[Total]","718,654"
"2020 January","Depository Institution","ACH","8,115"
"2020 January","Depository Institution","Advance Fee","141"
"2020 January","Depository Institution","Business Loan","183"
"2020 January","Depository Institution","Check","21,997"
"2020 January","Depository Institution","Consumer Loan (see instructions)","5,333"
"2020 January","Depository Institution","Credit/Debit Card","15,799"
"2020 January","Depository Institution","Healthcare/Public or Private Health Insurance","78"
"2020 January","Depository Institution","Mail","714"
"2020 January","Depository Institution","Mass-Marketing","1,377"
"2020 January","Depository Institution","Other Fraud (Type)","7,183"
"2020 January","Depository Institution","Ponzi Scheme","23"
"2020 January","Depository Institution","Pyramid Scheme","18"
"2020 January","Depository Institution","Securities","48"
"2020 January","Depository Institution","Wire","3,912"
"2020 January","Depository Institution","[Total]","64,921"
"2020 February","Depository Institution","ACH","7,577"
"2020 February","Depository Institution","Advance Fee","160"
"2020 February","Depository Institution","Business Loan","150"
"2020 February","Depository Institution","Check","21,072"
"2020 February","Depository Institution","Consumer Loan (see instructions)","4,830"
"2020 February","Depository Institution","Credit/Debit Card","13,118"
"2020 February","Depository Institution","Healthcare/Public or Private Health Insurance","81"
"2020 February","Depository Institution","Mail","668"
"2020 February","Depository Institution","Mass-Marketing","1,291"
"2020 February","Depository Institution","Other Fraud (Type)","6,808"
"2020 February","Depository Institution","Ponzi Scheme","35"
"2020 February","Depository Institution","Pyramid Scheme","14"
"2020 February","Depository Institution","Securities","27"
"2020 February","Depository Institution","Wire","3,849"
"2020 February","Depository Institution","[Total]","59,680"
"2020 March","Depository Institution","ACH","7,945"
"2020 March","Depository Institution","Advance Fee","157"
"2020 March","Depository Institution","Business Loan","179"
"2020 March","Depository Institution","Check","20,846"
"2020 March","Depository Institution","Consumer Loan (see instructions)","6,595"
"2020 March","Depository Institution","Credit/Debit Card","15,129"
"2020 March","Depository Institution","Healthcare/Public or Private Health Insurance","66"
"2020 March","Depository Institution","Mail","814"
"2020 March","Depository Institution","Mass-Marketing","1,336"
"2020 March","Depository Institution","Other Fraud (Type)","7,431"
"2020 March","Depository Institution","Ponzi Scheme","37"
"2020 March","Depository Institution","Pyramid Scheme","12"
"2020 March","Depository Institution","Securities","48"
"2020 March","Depository Institution","Wire","4,243"
"2020 March","Depository Institution","[Total]","64,838"
"2020 April","Depository Institution","ACH","8,251"
"2020 April","Depository Institution","Advance Fee","181"
"2020 April","Depository Institution","Business Loan","154"
"2020 April","Depository Institution","Check","19,909"
"2020 April","Depository Institution","Consumer Loan (see instructions)","5,506"
"2020 April","Depository Institution","Credit/Debit Card","12,994"
"2020 April","Depository Institution","Healthcare/Public or Private Health Insurance","61"
"2020 April","Depository Institution","Mail","694"
"2020 April","Depository Institution","Mass-Marketing","1,492"
"2020 April","Depository Institution","Other Fraud (Type)","6,841"
"2020 April","Depository Institution","Ponzi Scheme","25"
"2020 April","Depository Institution","Pyramid Scheme","6"
"2020 April","Depository Institution","Securities","62"
"2020 April","Depository Institution","Wire","3,957"
"2020 April","Depository Institution","[Total]","60,133"
"2020 May","Depository Institution","ACH","7,841"
"2020 May","Depository Institution","Advance Fee","186"
"2020 May","Depository Institution","Business Loan","272"
"2020 May","Depository Institution","Check","17,539"
"2020 May","Depository Institution","Consumer Loan (see instructions)","3,972"
"2020 May","Depository Institution","Credit/Debit Card","10,123"
"2020 May","Depository Institution","Healthcare/Public or Private Health Insurance","54"
"2020 May","Depository Institution","Mail","604"
"2020 May","Depository Institution","Mass-Marketing","1,225"
"2020 May","Depository Institution","Other Fraud (Type)","6,841"
"2020 May","Depository Institution","Ponzi Scheme","31"
"2020 May","Depository Institution","Pyramid Scheme","9"
"2020 May","Depository Institution","Securities","38"
"2020 May","Depository Institution","Wire","3,767"
"2020 May","Depository Institution","[Total]","52,502"
"2020 June","Depository Institution","ACH","12,668"
"2020 June","Depository Institution","Advance Fee","262"
"2020 June","Depository Institution","Business Loan","489"
"2020 June","Depository Institution","Check","18,453"
"2020 June","Depository Institution","Consumer Loan (see instructions)","3,858"
"2020 June","Depository Institution","Credit/Debit Card","10,906"
"2020 June","Depository Institution","Healthcare/Public or Private Health Insurance","64"
"2020 June","Depository Institution","Mail","686"
"2020 June","Depository Institution","Mass-Marketing","1,523"
"2020 June","Depository Institution","Other Fraud (Type)","10,587"
"2020 June","Depository Institution","Ponzi Scheme","26"
"2020 June","Depository Institution","Pyramid Scheme","15"
"2020 June","Depository Institution","Securities","55"
"2020 June","Depository Institution","Wire","4,637"
"2020 June","Depository Institution","[Total]","64,229"
"2020 July","Depository Institution","ACH","17,821"
"2020 July","Depository Institution","Advance Fee","260"
"2020 July","Depository Institution","Business Loan","1,044"
"2020 July","Depository Institution","Check","16,471"
"2020 July","Depository Institution","Consumer Loan (see instructions)","4,139"
"2020 July","Depository Institution","Credit/Debit Card","10,602"
"2020 July","Depository Institution","Healthcare/Public or Private Health Insurance","66"
"2020 July","Depository Institution","Mail","600"
"2020 July","Depository Institution","Mass-Marketing","2,185"
"2020 July","Depository Institution","Other Fraud (Type)","16,613"
"2020 July","Depository Institution","Ponzi Scheme","29"
"2020 July","Depository Institution","Pyramid Scheme","19"
"2020 July","Depository Institution","Securities","55"
"2020 July","Depository Institution","Wire","4,923"
"2020 July","Depository Institution","[Total]","74,827"
"2020 August","Depository Institution","ACH","18,240"
"2020 August","Depository Institution","Advance Fee","221"
"2020 August","Depository Institution","Business Loan","1,922"
"2020 August","Depository Institution","Check","13,794"
"2020 August","Depository Institution","Consumer Loan (see instructions)","4,088"
"2020 August","Depository Institution","Credit/Debit Card","9,218"
"2020 August","Depository Institution","Healthcare/Public or Private Health Insurance","54"
"2020 August","Depository Institution","Mail","493"
"2020 August","Depository Institution","Mass-Marketing","1,946"
"2020 August","Depository Institution","Other Fraud (Type)","19,163"
"2020 August","Depository Institution","Ponzi Scheme","29"
"2020 August","Depository Institution","Pyramid Scheme","24"
"2020 August","Depository Institution","Securities","67"
"2020 August","Depository Institution","Wire","4,369"
"2020 August","Depository Institution","[Total]","73,628"
"2020 September","Depository Institution","ACH","17,004"
"2020 September","Depository Institution","Advance Fee","201"
"2020 September","Depository Institution","Business Loan","2,495"
"2020 September","Depository Institution","Check","15,002"
"2020 September","Depository Institution","Consumer Loan (see instructions)","5,330"
"2020 September","Depository Institution","Credit/Debit Card","8,799"
"2020 September","Depository Institution","Healthcare/Public or Private Health Insurance","49"
"2020 September","Depository Institution","Mail","513"
"2020 September","Depository Institution","Mass-Marketing","2,198"
"2020 September","Depository Institution","Other Fraud (Type)","19,060"
"2020 September","Depository Institution","Ponzi Scheme","30"
"2020 September","Depository Institution","Pyramid Scheme","27"
"2020 September","Depository Institution","Securities","54"
"2020 September","Depository Institution","Wire","5,047"
"2020 September","Depository Institution","[Total]","75,809"
"2020 October","Depository Institution","ACH","14,144"
"2020 October","Depository Institution","Advance Fee","185"
"2020 October","Depository Institution","Business Loan","2,228"
"2020 October","Depository Institution","Check","16,295"
"2020 October","Depository Institution","Consumer Loan (see instructions)","5,000"
"2020 October","Depository Institution","Credit/Debit Card","8,376"
"2020 October","Depository Institution","Healthcare/Public or Private Health Insurance","67"
"2020 October","Depository Institution","Mail","511"
"2020 October","Depository Institution","Mass-Marketing","2,201"
"2020 October","Depository Institution","Other Fraud (Type)","16,798"
"2020 October","Depository Institution","Ponzi Scheme","28"
"2020 October","Depository Institution","Pyramid Scheme","19"
"2020 October","Depository Institution","Securities","72"
"2020 October","Depository Institution","Wire","4,883"
"2020 October","Depository Institution","[Total]","70,807"
"2020 November","Depository Institution","ACH","11,221"
"2020 November","Depository Institution","Advance Fee","165"
"2020 November","Depository Institution","Business Loan","1,916"
"2020 November","Depository Institution","Check","15,756"
"2020 November","Depository Institution","Consumer Loan (see instructions)","4,412"
"2020 November","Depository Institution","Credit/Debit Card","7,796"
"2020 November","Depository Institution","Healthcare/Public or Private Health Insurance","46"
"2020 November","Depository Institution","Mail","502"
"2020 November","Depository Institution","Mass-Marketing","1,539"
"2020 November","Depository Institution","Other Fraud (Type)","13,830"
"2020 November","Depository Institution","Ponzi Scheme","23"
"2020 November","Depository Institution","Pyramid Scheme","11"
"2020 November","Depository Institution","Securities","43"
"2020 November","Depository Institution","Wire","4,027"
"2020 November","Depository Institution","[Total]","61,287"
"2020 December","Depository Institution","ACH","12,442"
"2020 December","Depository Institution","Advance Fee","232"
"2020 December","Depository Institution","Business Loan","1,729"
"2020 December","Depository Institution","Check","19,829"
"2020 December","Depository Institution","Consumer Loan (see instructions)","4,289"
"2020 December","Depository Institution","Credit/Debit Card","10,065"
"2020 December","Depository Institution","Healthcare/Public or Private Health Insurance","59"
"2020 December","Depository Institution","Mail","564"
"2020 December","Depository Institution","Mass-Marketing","1,661"
"2020 December","Depository Institution","Other Fraud (Type)","15,132"
"2020 December","Depository Institution","Ponzi Scheme","21"
"2020 December","Depository Institution","Pyramid Scheme","14"
"2020 December","Depository Institution","Securities","69"
"2020 December","Depository Institution","Wire","4,786"
"2020 December","Depository Institution","[Total]","70,892"
"2020 [Total]","Depository Institution","[Total]","793,553"
"2021 January","Depository Institution","ACH","11,109"
"2021 January","Depository Institution","Advance Fee","157"
"2021 January","Depository Institution","Business Loan","1,446"
"2021 January","Depository Institution","Check","17,166"
"2021 January","Depository Institution","Consumer Loan (see instructions)","3,577"
"2021 January","Depository Institution","Credit/Debit Card","9,843"
"2021 January","Depository Institution","Healthcare/Public or Private Health Insurance","51"
"2021 January","Depository Institution","Mail","439"
"2021 January","Depository Institution","Mass-Marketing","1,465"
"2021 January","Depository Institution","Other Fraud (Type)","12,670"
"2021 January","Depository Institution","Ponzi Scheme","20"
"2021 January","Depository Institution","Pyramid Scheme","10"
"2021 January","Depository Institution","Securities","82"
"2021 January","Depository Institution","Wire","3,844"
"2021 January","Depository Institution","[Total]","61,879"
"2021 February","Depository Institution","ACH","10,912"
"2021 February","Depository Institution","Advance Fee","161"
"2021 February","Depository Institution","Business Loan","1,849"
"2021 February","Depository Institution","Check","16,748"
"2021 February","Depository Institution","Consumer Loan (see instructions)","3,389"
"2021 February","Depository Institution","Credit/Debit Card","9,889"
"2021 February","Depository Institution","Healthcare/Public or Private Health Insurance","60"
"2021 February","Depository Institution","Mail","416"
"2021 February","Depository Institution","Mass-Marketing","1,535"
"2021 February","Depository Institution","Other Fraud (Type)","13,042"
"2021 February","Depository Institution","Ponzi Scheme","23"
"2021 February","Depository Institution","Pyramid Scheme","11"
"2021 February","Depository Institution","Securities","83"
"2021 February","Depository Institution","Wire","4,128"
"2021 February","Depository Institution","[Total]","62,246"
"2021 March","Depository Institution","ACH","14,542"
"2021 March","Depository Institution","Advance Fee","195"
"2021 March","Depository Institution","Business Loan","3,349"
"2021 March","Depository Institution","Check","18,423"
"2021 March","Depository Institution","Consumer Loan (see instructions)","3,602"
"2021 March","Depository Institution","Credit/Debit Card","12,131"
"2021 March","Depository Institution","Healthcare/Public or Private Health Insurance","70"
"2021 March","Depository Institution","Mail","643"
"2021 March","Depository Institution","Mass-Marketing","1,818"
"2021 March","Depository Institution","Other Fraud (Type)","17,090"
"2021 March","Depository Institution","Ponzi Scheme","25"
"2021 March","Depository Institution","Pyramid Scheme","12"
"2021 March","Depository Institution","Securities","87"
"2021 March","Depository Institution","Wire","5,291"
"2021 March","Depository Institution","[Total]","77,278"
"2021 April","Depository Institution","ACH","14,306"
"2021 April","Depository Institution","Advance Fee","213"
"2021 April","Depository Institution","Business Loan","2,900"
"2021 April","Depository Institution","Check","16,060"
"2021 April","Depository Institution","Consumer Loan (see instructions)","3,682"
"2021 April","Depository Institution","Credit/Debit Card","10,782"
"2021 April","Depository Institution","Healthcare/Public or Private Health Insurance","76"
"2021 April","Depository Institution","Mail","564"
"2021 April","Depository Institution","Mass-Marketing","1,883"
"2021 April","Depository Institution","Other Fraud (Type)","17,158"
"2021 April","Depository Institution","Ponzi Scheme","24"
"2021 April","Depository Institution","Pyramid Scheme","9"
"2021 April","Depository Institution","Securities","102"
"2021 April","Depository Institution","Wire","5,159"
"2021 April","Depository Institution","[Total]","72,918"
"2021 May","Depository Institution","ACH","14,740"
"2021 May","Depository Institution","Advance Fee","163"
"2021 May","Depository Institution","Business Loan","3,050"
"2021 May","Depository Institution","Check","14,170"
"2021 May","Depository Institution","Consumer Loan (see instructions)","3,865"
"2021 May","Depository Institution","Credit/Debit Card","9,968"
"2021 May","Depository Institution","Healthcare/Public or Private Health Insurance","62"
"2021 May","Depository Institution","Mail","469"
"2021 May","Depository Institution","Mass-Marketing","1,648"
"2021 May","Depository Institution","Other Fraud (Type)","19,689"
"2021 May","Depository Institution","Ponzi Scheme","33"
"2021 May","Depository Institution","Pyramid Scheme","14"
"2021 May","Depository Institution","Securities","74"
"2021 May","Depository Institution","Wire","5,076"
"2021 May","Depository Institution","[Total]","73,021"
"2021 June","Depository Institution","ACH","17,439"
"2021 June","Depository Institution","Advance Fee","182"
"2021 June","Depository Institution","Business Loan","3,893"
"2021 June","Depository Institution","Check","16,540"
"2021 June","Depository Institution","Consumer Loan (see instructions)","4,456"
"2021 June","Depository Institution","Credit/Debit Card","10,822"
"2021 June","Depository Institution","Healthcare/Public or Private Health Insurance","91"
"2021 June","Depository Institution","Mail","518"
"2021 June","Depository Institution","Mass-Marketing","1,812"
"2021 June","Depository Institution","Other Fraud (Type)","24,568"
"2021 June","Depository Institution","Ponzi Scheme","16"
"2021 June","Depository Institution","Pyramid Scheme","8"
"2021 June","Depository Institution","Securities","85"
"2021 June","Depository Institution","Wire","5,299"
"2021 June","Depository Institution","[Total]","85,729"
"2021 July","Depository Institution","ACH","17,272"
"2021 July","Depository Institution","Advance Fee","185"
"2021 July","Depository Institution","Business Loan","3,640"
"2021 July","Depository Institution","Check","18,378"
"2021 July","Depository Institution","Consumer Loan (see instructions)","4,246"
"2021 July","Depository Institution","Credit/Debit Card","11,417"
"2021 July","Depository Institution","Healthcare/Public or Private Health Insurance","68"
"2021 July","Depository Institution","Mail","533"
"2021 July","Depository Institution","Mass-Marketing","1,877"
"2021 July","Depository Institution","Other Fraud (Type)","24,834"
"2021 July","Depository Institution","Ponzi Scheme","23"
"2021 July","Depository Institution","Pyramid Scheme","14"
"2021 July","Depository Institution","Securities","82"
"2021 July","Depository Institution","Wire","4,991"
"2021 July","Depository Institution","[Total]","87,560"
"2021 August","Depository Institution","ACH","17,596"
"2021 August","Depository Institution","Advance Fee","268"
"2021 August","Depository Institution","Business Loan","4,947"
"2021 August","Depository Institution","Check","21,692"
"2021 August","Depository Institution","Consumer Loan (see instructions)","4,938"
"2021 August","Depository Institution","Credit/Debit Card","13,357"
"2021 August","Depository Institution","Healthcare/Public or Private Health Insurance","86"
"2021 August","Depository Institution","Mail","746"
"2021 August","Depository Institution","Mass-Marketing","1,554"
"2021 August","Depository Institution","Other Fraud (Type)","24,272"
"2021 August","Depository Institution","Ponzi Scheme","32"
"2021 August","Depository Institution","Pyramid Scheme","11"
"2021 August","Depository Institution","Securities","65"
"2021 August","Depository Institution","Wire","4,706"
"2021 August","Depository Institution","[Total]","94,270"
"2021 September","Depository Institution","ACH","15,948"
"2021 September","Depository Institution","Advance Fee","235"
"2021 September","Depository Institution","Business Loan","3,436"
"2021 September","Depository Institution","Check","26,303"
"2021 September","Depository Institution","Consumer Loan (see instructions)","4,609"
"2021 September","Depository Institution","Credit/Debit Card","12,153"
"2021 September","Depository Institution","Healthcare/Public or Private Health Insurance","102"
"2021 September","Depository Institution","Mail","683"
"2021 September","Depository Institution","Mass-Marketing","2,048"
"2021 September","Depository Institution","Other Fraud (Type)","21,204"
"2021 September","Depository Institution","Ponzi Scheme","34"
"2021 September","Depository Institution","Pyramid Scheme","14"
"2021 September","Depository Institution","Securities","59"
"2021 September","Depository Institution","Wire","5,136"
"2021 September","Depository Institution","[Total]","91,964"
"2021 October","Depository Institution","ACH","13,743"
"2021 October","Depository Institution","Advance Fee","189"
"2021 October","Depository Institution","Business Loan","2,763"
"2021 October","Depository Institution","Check","25,635"
"2021 October","Depository Institution","Consumer Loan (see instructions)","5,893"
"2021 October","Depository Institution","Credit/Debit Card","12,855"
"2021 October","Depository Institution","Healthcare/Public or Private Health Insurance","77"
"2021 October","Depository Institution","Mail","687"
"2021 October","Depository Institution","Mass-Marketing","1,730"
"2021 October","Depository Institution","Other Fraud (Type)","17,302"
"2021 October","Depository Institution","Ponzi Scheme","27"
"2021 October","Depository Institution","Pyramid Scheme","11"
"2021 October","Depository Institution","Securities","47"
"2021 October","Depository Institution","Wire","4,575"
"2021 October","Depository Institution","[Total]","85,534"
"2021 November","Depository Institution","ACH","13,697"
"2021 November","Depository Institution","Advance Fee","212"
"2021 November","Depository Institution","Business Loan","2,393"
"2021 November","Depository Institution","Check","28,399"
"2021 November","Depository Institution","Consumer Loan (see instructions)","4,728"
"2021 November","Depository Institution","Credit/Debit Card","12,743"
"2021 November","Depository Institution","Healthcare/Public or Private Health Insurance","85"
"2021 November","Depository Institution","Mail","723"
"2021 November","Depository Institution","Mass-Marketing","1,667"
"2021 November","Depository Institution","Other Fraud (Type)","16,286"
"2021 November","Depository Institution","Ponzi Scheme","33"
"2021 November","Depository Institution","Pyramid Scheme","6"
"2021 November","Depository Institution","Securities","27"
"2021 November","Depository Institution","Wire","4,796"
"2021 November","Depository Institution","[Total]","85,795"
"2021 December","Depository Institution","ACH","15,610"
"2021 December","Depository Institution","Advance Fee","238"
"2021 December","Depository Institution","Business Loan","2,573"
"2021 December","Depository Institution","Check","30,297"
"2021 December","Depository Institution","Consumer Loan (see instructions)","5,349"
"2021 December","Depository Institution","Credit/Debit Card","14,368"
"2021 December","Depository Institution","Healthcare/Public or Private Health Insurance","84"
"2021 December","Depository Institution","Mail","744"
"2021 December","Depository Institution","Mass-Marketing","1,748"
"2021 December","Depository Institution","Other Fraud (Type)","16,703"
"2021 December","Depository Institution","Ponzi Scheme","23"
"2021 December","Depository Institution","Pyramid Scheme","12"
"2021 December","Depository Institution","Securities","29"
"2021 December","Depository Institution","Wire","5,914"
"2021 December","Depository Institution","[Total]","93,692"
"2021 [Total]","Depository Institution","[Total]","971,886"
"All Years [Total]","Depository Institution","[Total]","4,803,531"
